{"A-n80-k10": {"sol": 1763, "best_sol": 1955.398990364631, "diff": 10.913158840875264, "time": 45.60019302368164}, "A-n61-k9": {"sol": 1034, "best_sol": 1252.0424060037803, "diff": 21.087273307909125, "time": 40.28109312057495}, "A-n63-k9": {"sol": 1616, "best_sol": 1754.6778300178687, "diff": 8.58154888724435, "time": 42.21853423118591}, "A-n55-k9": {"sol": 1073, "best_sol": 1358.8590193317182, "diff": 26.64110152206134, "time": 39.25092911720276}, "A-n33-k5": {"sol": 661, "best_sol": 706.5698637919172, "diff": 6.894079242347536, "time": 28.73369812965393}, "A-n33-k6": {"sol": 742, "best_sol": 761.6529981149022, "diff": 2.6486520370488105, "time": 25.4756019115448}, "A-n37-k5": {"sol": 669, "best_sol": 734.7632196276102, "diff": 9.830077672288516, "time": 24.128536701202393}, "A-n37-k6": {"sol": 949, "best_sol": 1043.7952885109746, "diff": 9.988966123390371, "time": 27.199691772460938}, "A-n46-k7": {"sol": 914, "best_sol": 1110.08428238118, "diff": 21.453422579997806, "time": 31.33037495613098}, "A-n54-k7": {"sol": 1167, "best_sol": 1237.7381748274427, "diff": 6.0615402594209655, "time": 33.88921809196472}, "A-n44-k6": {"sol": 937, "best_sol": 1031.2110533122766, "diff": 10.05454144207861, "time": 31.71705722808838}, "A-n39-k6": {"sol": 831, "best_sol": 1050.7802615796663, "diff": 26.4476849073004, "time": 29.051738023757935}, "A-n48-k7": {"sol": 1073, "best_sol": 1354.5388864339673, "diff": 26.238479630379057, "time": 30.23656988143921}, "A-n39-k5": {"sol": 822, "best_sol": 853.6792368898598, "diff": 3.853921762756666, "time": 29.57842516899109}, "A-n69-k9": {"sol": 1159, "best_sol": 1368.0645177597821, "diff": 18.03835355994669, "time": 39.526437759399414}, "A-n65-k9": {"sol": 1174, "best_sol": 1271.7131178641584, "diff": 8.32309351483462, "time": 40.24554395675659}, "A-n60-k9": {"sol": 1354, "best_sol": 1569.8907007286691, "diff": 15.944660319694911, "time": 40.780328035354614}, "A-n63-k10": {"sol": 1314, "best_sol": 1453.298383972842, "diff": 10.601094670688125, "time": 41.15439486503601}, "A-n53-k7": {"sol": 1010, "best_sol": 1354.6239576848745, "diff": 34.121183929195496, "time": 33.917880058288574}, "A-n62-k8": {"sol": 1288, "best_sol": 1456.835481586409, "diff": 13.108344843665298, "time": 36.92425990104675}, "A-n32-k5": {"sol": 784, "best_sol": 787.0818888551103, "diff": 0.3930980682538603, "time": 22.066887855529785}, "A-n36-k5": {"sol": 799, "best_sol": 845.3550353716549, "diff": 5.801631460782845, "time": 26.33626127243042}, "A-n64-k9": {"sol": 1401, "best_sol": 1660.2517441976322, "diff": 18.504764039802442, "time": 41.11387896537781}, "A-n38-k5": {"sol": 730, "best_sol": 941.2368067370545, "diff": 28.936548868089655, "time": 24.987468004226685}, "A-n34-k5": {"sol": 778, "best_sol": 796.5362152201125, "diff": 2.382546943459186, "time": 21.80223798751831}, "A-n45-k7": {"sol": 1146, "best_sol": 1237.063080418176, "diff": 7.94616757575707, "time": 28.298959255218506}, "A-n45-k6": {"sol": 944, "best_sol": 1039.2232556651638, "diff": 10.087209286563965, "time": 27.955824851989746}, "M-n151-k12": {"sol": 1015, "best_sol": 1276.8787941394287, "diff": 25.800866417677703, "time": 67.674400806427}, "M-n200-k16": {"sol": 1274, "best_sol": 1725.9056801176416, "diff": 35.471403462923206, "time": 87.38757514953613}, "M-n200-k17": {"sol": 1275, "best_sol": 1787.927125663039, "diff": 40.22957848337562, "time": 91.49282598495483}, "M-n121-k7": {"sol": 1034, "best_sol": 1689.9432876608455, "diff": 63.4374552863487, "time": 50.8601348400116}, "M-n101-k10": {"sol": 820, "best_sol": 1086.9026737865922, "diff": 32.549106559340515, "time": 49.181060791015625}, "P-n16-k8": {"sol": 450, "best_sol": 476.2333630392914, "diff": 5.829636230953648, "time": 14.501801013946533}, "P-n60-k15": {"sol": 968, "best_sol": 1074.2617664602, "diff": 10.977455212830586, "time": 44.89158296585083}, "P-n22-k8": {"sol": 603, "best_sol": 629.1275225440245, "diff": 4.332922478279351, "time": 20.308034896850586}, "P-n70-k10": {"sol": 827, "best_sol": 938.2568493992935, "diff": 13.453065223614693, "time": 43.39256501197815}, "P-n60-k10": {"sol": 744, "best_sol": 862.5878030599309, "diff": 15.939220841388565, "time": 39.489502906799316}, "P-n101-k4": {"sol": 681, "best_sol": 759.0736304268343, "diff": 11.464556597185647, "time": 47.954493284225464}, "P-n76-k5": {"sol": 627, "best_sol": 769.7937866248508, "diff": 22.77412864830156, "time": 41.23747777938843}, "P-n40-k5": {"sol": 458, "best_sol": 599.9457964402336, "diff": 30.992531973850134, "time": 27.034514904022217}, "P-n76-k4": {"sol": 593, "best_sol": 674.8365507917265, "diff": 13.800430150375462, "time": 36.94601583480835}, "P-n55-k15": {"sol": 989, "best_sol": 1051.5476013008365, "diff": 6.3243277351705265, "time": 42.81236720085144}, "P-n21-k2": {"sol": 211, "best_sol": 212.71153970290385, "diff": 0.8111562573004024, "time": 18.594608068466187}, "P-n50-k7": {"sol": 554, "best_sol": 617.8919002514207, "diff": 11.532833980400845, "time": 32.03569293022156}, "P-n55-k10": {"sol": 694, "best_sol": 769.5506534365699, "diff": 10.886261302099404, "time": 35.221213817596436}, "P-n19-k2": {"sol": 212, "best_sol": 220.64313526472105, "diff": 4.076950596566534, "time": 18.82053780555725}, "P-n55-k8": {"sol": 588, "best_sol": 620.3372614486216, "diff": 5.499534259969656, "time": 35.660096168518066}, "P-n50-k8": {"sol": 631, "best_sol": 682.2241312938551, "diff": 8.117928889675921, "time": 33.901060819625854}, "P-n55-k7": {"sol": 568, "best_sol": 597.1778464515584, "diff": 5.136944797809571, "time": 34.31298804283142}, "P-n50-k10": {"sol": 696, "best_sol": 832.9864110020724, "diff": 19.681955603746033, "time": 37.321786880493164}, "P-n51-k10": {"sol": 741, "best_sol": 896.5769807863979, "diff": 20.995543965775703, "time": 33.92824172973633}, "P-n23-k8": {"sol": 529, "best_sol": 587.0189107282328, "diff": 10.967657982652694, "time": 19.47486186027527}, "P-n45-k5": {"sol": 510, "best_sol": 527.2764071827543, "diff": 3.3875308201478957, "time": 25.63194990158081}, "P-n20-k2": {"sol": 216, "best_sol": 233.75077110163184, "diff": 8.217949584088815, "time": 15.28719711303711}, "P-n65-k10": {"sol": 792, "best_sol": 915.9029501957701, "diff": 15.64431189340532, "time": 36.72742295265198}, "P-n22-k2": {"sol": 216, "best_sol": 250.8949403565518, "diff": 16.1550649798851, "time": 15.832494020462036}}