{
    "A-n80-k10": {
        "sol": 1763,
        "aco_best_cost": 1925.2086631969562,
        "best_sol": 1868.298723674076,
        "diff": 5.972701286107542,
        "time": 318.44078302383423
    },
    "A-n61-k9": {
        "sol": 1034,
        "aco_best_cost": 1118.2338244147772,
        "best_sol": 1107.8868817434513,
        "diff": 7.145733244047518,
        "time": 261.30105805397034
    },
    "A-n63-k9": {
        "sol": 1616,
        "aco_best_cost": 1713.4819145460788,
        "best_sol": 1699.2523909834258,
        "diff": 5.151756867786251,
        "time": 241.67072916030884
    },
    "A-n55-k9": {
        "sol": 1073,
        "aco_best_cost": 1174.4055297290847,
        "best_sol": 1131.4775625089655,
        "diff": 5.449912628980946,
        "time": 204.90691304206848
    },
    "A-n33-k5": {
        "sol": 661,
        "aco_best_cost": 692.2447412398963,
        "best_sol": 669.0151296549816,
        "diff": 1.2125763471984254,
        "time": 102.29967999458313
    },
    "A-n33-k6": {
        "sol": 742,
        "aco_best_cost": 805.7578657951556,
        "best_sol": 750.1467415071238,
        "diff": 1.097943599342831,
        "time": 128.10533714294434
    },
    "A-n37-k5": {
        "sol": 669,
        "aco_best_cost": 751.1847729797965,
        "best_sol": 687.8606150003152,
        "diff": 2.819224962677906,
        "time": 113.89158487319946
    },
    "A-n37-k6": {
        "sol": 949,
        "aco_best_cost": 991.5413331541453,
        "best_sol": 987.5022234552756,
        "diff": 4.057136296657072,
        "time": 148.57387709617615
    },
    "A-n46-k7": {
        "sol": 914,
        "aco_best_cost": 1038.6440325691156,
        "best_sol": 999.4605263672838,
        "diff": 9.350166998608733,
        "time": 189.5781590938568
    },
    "A-n54-k7": {
        "sol": 1167,
        "aco_best_cost": 1276.8042655297695,
        "best_sol": 1261.9564251718152,
        "diff": 8.136797358338923,
        "time": 200.1503460407257
    },
    "A-n44-k6": {
        "sol": 937,
        "aco_best_cost": 983.0551883296029,
        "best_sol": 950.7678991292778,
        "diff": 1.4693595655579288,
        "time": 158.8836750984192
    },
    "A-n39-k6": {
        "sol": 831,
        "aco_best_cost": 872.8252752412345,
        "best_sol": 858.093548029139,
        "diff": 3.2603547568157656,
        "time": 159.20061612129211
    },
    "A-n48-k7": {
        "sol": 1073,
        "aco_best_cost": 1170.1923903420407,
        "best_sol": 1124.293215489468,
        "diff": 4.780355590817139,
        "time": 187.80004787445068
    },
    "A-n39-k5": {
        "sol": 822,
        "aco_best_cost": 877.4535178805751,
        "best_sol": 837.4602710992706,
        "diff": 1.880811569254329,
        "time": 119.01544308662415
    },
    "A-n69-k9": {
        "sol": 1159,
        "aco_best_cost": 1277.202173403798,
        "best_sol": 1230.7274563923202,
        "diff": 6.18873653083004,
        "time": 267.77463817596436
    },
    "A-n65-k9": {
        "sol": 1174,
        "aco_best_cost": 1293.172991972579,
        "best_sol": 1271.369159166574,
        "diff": 8.29379549970818,
        "time": 243.28751516342163
    },
    "A-n60-k9": {
        "sol": 1354,
        "aco_best_cost": 1453.1105402847052,
        "best_sol": 1425.4576978504504,
        "diff": 5.2775256905797905,
        "time": 241.90676093101501
    },
    "A-n63-k10": {
        "sol": 1314,
        "aco_best_cost": 1425.0358002931132,
        "best_sol": 1351.8363682405036,
        "diff": 2.879480079185966,
        "time": 253.13030886650085
    },
    "A-n53-k7": {
        "sol": 1010,
        "aco_best_cost": 1118.6322955062021,
        "best_sol": 1071.3918618432897,
        "diff": 6.078402162701949,
        "time": 196.29733419418335
    },
    "A-n62-k8": {
        "sol": 1288,
        "aco_best_cost": 1382.4988979815137,
        "best_sol": 1342.850830831982,
        "diff": 4.258604878259469,
        "time": 234.3782229423523
    },
    "A-n32-k5": {
        "sol": 784,
        "aco_best_cost": 883.1935744408848,
        "best_sol": 818.189246477575,
        "diff": 4.360873275200895,
        "time": 115.20273804664612
    },
    "A-n36-k5": {
        "sol": 799,
        "aco_best_cost": 871.9895852873839,
        "best_sol": 808.572629528676,
        "diff": 1.19807628644255,
        "time": 123.25186705589294
    },
    "A-n64-k9": {
        "sol": 1401,
        "aco_best_cost": 1511.079643230567,
        "best_sol": 1452.8541168194606,
        "diff": 3.7012217572777026,
        "time": 253.39027881622314
    },
    "A-n38-k5": {
        "sol": 730,
        "aco_best_cost": 801.6951090927744,
        "best_sol": 801.6951090927744,
        "diff": 9.821247820927995,
        "time": 117.25020217895508
    },
    "A-n34-k5": {
        "sol": 778,
        "aco_best_cost": 845.6143294959055,
        "best_sol": 797.4928486754293,
        "diff": 2.5055075418289574,
        "time": 109.64769101142883
    },
    "A-n45-k7": {
        "sol": 1146,
        "aco_best_cost": 1214.9639294958472,
        "best_sol": 1176.9923430087254,
        "diff": 2.7043929326985476,
        "time": 179.0236463546753
    },
    "A-n45-k6": {
        "sol": 944,
        "aco_best_cost": 1067.8458087851525,
        "best_sol": 1029.8393681949995,
        "diff": 9.09315341048723,
        "time": 175.68023872375488
    },
    "M-n151-k12": {
        "sol": 1015,
        "aco_best_cost": 1177.036046601282,
        "best_sol": 1121.8768166499074,
        "diff": 10.529735630532745,
        "time": 596.2326140403748
    },
    "M-n200-k16": {
        "sol": 1274,
        "aco_best_cost": 1496.6397117415213,
        "best_sol": 1421.991430926869,
        "diff": 11.616281862391604,
        "time": 865.0509231090546
    },
    "M-n200-k17": {
        "sol": 1275,
        "aco_best_cost": 1498.4791326239947,
        "best_sol": 1434.9186073309018,
        "diff": 12.542635869090333,
        "time": 845.5605230331421
    },
    "M-n121-k7": {
        "sol": 1034,
        "aco_best_cost": 1150.8188031888,
        "best_sol": 1150.8188031888,
        "diff": 11.297756594661516,
        "time": 403.29245376586914
    },
    "M-n101-k10": {
        "sol": 820,
        "aco_best_cost": 975.1487952948904,
        "best_sol": 941.8695688635338,
        "diff": 14.86214254433339,
        "time": 362.5315089225769
    },
    "P-n16-k8": {
        "sol": 450,
        "aco_best_cost": 462.68870249339466,
        "best_sol": 451.94709212981854,
        "diff": 0.4326871399596762,
        "time": 95.34404802322388
    },
    "P-n60-k15": {
        "sol": 968,
        "aco_best_cost": 1049.166853642493,
        "best_sol": 1008.3863801092452,
        "diff": 4.172146705500541,
        "time": 313.19010305404663
    },
    "P-n22-k8": {
        "sol": 603,
        "aco_best_cost": 617.3389178945511,
        "best_sol": 599.8064274301698,
        "diff": -0.5296140248474572,
        "time": 115.12919497489929
    },
    "P-n70-k10": {
        "sol": 827,
        "aco_best_cost": 904.9613166590141,
        "best_sol": 891.2759887481482,
        "diff": 7.772187273052983,
        "time": 278.67502427101135
    },
    "P-n60-k10": {
        "sol": 744,
        "aco_best_cost": 807.4472701079667,
        "best_sol": 770.2775073878595,
        "diff": 3.531923036002619,
        "time": 247.99585008621216
    },
    "P-n101-k4": {
        "sol": 681,
        "aco_best_cost": 758.9360834337361,
        "best_sol": 723.9965546062133,
        "diff": 6.313737827637782,
        "time": 231.55363202095032
    },
    "P-n76-k5": {
        "sol": 627,
        "aco_best_cost": 697.3242304132264,
        "best_sol": 697.3242304132264,
        "diff": 11.215985711838334,
        "time": 206.9112160205841
    },
    "P-n40-k5": {
        "sol": 458,
        "aco_best_cost": 499.07047952305396,
        "best_sol": 472.77141955036416,
        "diff": 3.225200775188681,
        "time": 121.42027997970581
    },