{"A-n33-k6": {"sol": 742, "best_sol": 805.6911204341624, "diff": 8.583708953391154, "time": 4.110599756240845}, "A-n63-k10": {"sol": 1314, "best_sol": 1433.5196875646814, "diff": 9.095866633537394, "time": 13.839841604232788}, "A-n69-k9": {"sol": 1159, "best_sol": 1282.0913034179355, "diff": 10.620474841927134, "time": 16.919952869415283}, "A-n37-k5": {"sol": 669, "best_sol": 769.5194438939068, "diff": 15.025327936308935, "time": 4.84449315071106}, "A-n64-k9": {"sol": 1401, "best_sol": 1499.679035444655, "diff": 7.043471480703428, "time": 14.287915706634521}, "A-n36-k5": {"sol": 799, "best_sol": 864.125752335271, "diff": 8.150907676504511, "time": 5.751070737838745}, "A-n53-k7": {"sol": 1010, "best_sol": 1119.2894603122743, "diff": 10.820738644779631, "time": 11.861842155456543}, "A-n37-k6": {"sol": 949, "best_sol": 992.7597191191069, "diff": 4.611140054700408, "time": 5.334290981292725}, "A-n48-k7": {"sol": 1073, "best_sol": 1192.381567277464, "diff": 11.125961535644361, "time": 7.30809473991394}, "A-n54-k7": {"sol": 1167, "best_sol": 1271.7795442846336, "diff": 8.978538499111707, "time": 12.180745601654053}, "A-n39-k6": {"sol": 831, "best_sol": 880.5389167544149, "diff": 5.96136182363597, "time": 5.244247674942017}, "A-n65-k9": {"sol": 1174, "best_sol": 1319.1027853212458, "diff": 12.359692105727925, "time": 13.805289506912231}, "A-n55-k9": {"sol": 1073, "best_sol": 1176.7923677226433, "diff": 9.673100440134515, "time": 9.89159607887268}, "A-n45-k6": {"sol": 944, "best_sol": 1064.5434116314134, "diff": 12.769429198242943, "time": 6.770010471343994}, "A-n33-k5": {"sol": 661, "best_sol": 694.8379473629865, "diff": 5.1192053499223125, "time": 3.951491355895996}, "A-n45-k7": {"sol": 1146, "best_sol": 1214.9639294958474, "diff": 6.017794894925604, "time": 9.070162773132324}, "A-n34-k5": {"sol": 778, "best_sol": 823.2310142815646, "diff": 5.813755049044297, "time": 3.9863834381103516}, "A-n39-k5": {"sol": 822, "best_sol": 880.4627776389318, "diff": 7.112260053398031, "time": 5.707080841064453}, "A-n32-k5": {"sol": 784, "best_sol": 891.4707755823961, "diff": 13.708007089591337, "time": 3.521796464920044}, "A-n63-k9": {"sol": 1616, "best_sol": 1746.7575217445628, "diff": 8.091430801024927, "time": 16.601089000701904}, "A-n38-k5": {"sol": 730, "best_sol": 821.2269031048543, "diff": 12.496836041760858, "time": 6.207050561904907}, "A-n46-k7": {"sol": 914, "best_sol": 1041.0732623657473, "diff": 13.902982753364036, "time": 9.419170141220093}, "A-n60-k9": {"sol": 1354, "best_sol": 1464.2873086006957, "diff": 8.145296056181369, "time": 11.922992467880249}, "A-n61-k9": {"sol": 1034, "best_sol": 1141.368196748606, "diff": 10.383771445706566, "time": 15.756401062011719}, "A-n44-k6": {"sol": 937, "best_sol": 989.7962606884488, "diff": 5.634606263441707, "time": 7.8505942821502686}, "A-n62-k8": {"sol": 1288, "best_sol": 1388.2076818045346, "diff": 7.780099518985602, "time": 11.456748008728027}, "A-n80-k10": {"sol": 1763, "best_sol": 1926.1783300796026, "diff": 9.255719233102813, "time": 24.21302318572998}, "M-n121-k7": {"sol": 1034, "best_sol": 1156.3724356180915, "diff": 11.834858376991438, "time": 47.0104296207428}, "M-n151-k12": {"sol": 1015, "best_sol": 1181.4126512423002, "diff": 16.395335097763564, "time": 77.9616436958313}, "M-n101-k10": {"sol": 820, "best_sol": 937.3367625141078, "diff": 14.309361282208272, "time": 37.34800624847412}, "M-n200-k17": {"sol": 1275, "best_sol": 1500.827467444429, "diff": 17.711958230935608, "time": 134.33399033546448}, "M-n200-k16": {"sol": 1274, "best_sol": 1495.7938805990648, "diff": 17.4092527942751, "time": 132.98164677619934}, "P-n45-k5": {"sol": 510, "best_sol": 569.424655988644, "diff": 11.65189333110666, "time": 8.788618803024292}, "P-n23-k8": {"sol": 529, "best_sol": 548.5087403208507, "diff": 3.68785261263719, "time": 3.164454460144043}, "P-n40-k5": {"sol": 458, "best_sol": 499.18536855648136, "diff": 8.99243854945008, "time": 7.189205646514893}, "P-n55-k10": {"sol": 694, "best_sol": 742.2814355121608, "diff": 6.956979180426625, "time": 11.14490556716919}, "P-n60-k15": {"sol": 968, "best_sol": 1051.3685827719637, "diff": 8.612456897930135, "time": 15.710161924362183}, "P-n55-k15": {"sol": 989, "best_sol": 990.8298118017293, "diff": 0.18501636013440914, "time": 14.859878301620483}, "P-n20-k2": {"sol": 216, "best_sol": 217.41558334616656, "diff": 0.6553626602622947, "time": 1.8849010467529297}, "P-n55-k7": {"sol": 568, "best_sol": 624.4396505945264, "diff": 9.936558203261685, "time": 12.646860122680664}, "P-n70-k10": {"sol": 827, "best_sol": 921.1253799497939, "diff": 11.381545338548236, "time": 18.66020703315735}, "P-n101-k4": {"sol": 681, "best_sol": 781.897312250022, "diff": 14.816051725407045, "time": 35.36922287940979}, "P-n22-k8": {"sol": 603, "best_sol": 617.3389178945511, "diff": 2.377929999096361, "time": 2.326171875}, "P-n60-k10": {"sol": 744, "best_sol": 794.8161913334379, "diff": 6.830133243741657, "time": 15.409486293792725}, "P-n76-k5": {"sol": 627, "best_sol": 698.343825669959, "diff": 11.37860058532041, "time": 21.411583185195923}, "P-n50-k8": {"sol": 631, "best_sol": 670.9449607175815, "diff": 6.3304216668116435, "time": 8.662961483001709}, "P-n22-k2": {"sol": 216, "best_sol": 222.64241931381952, "diff": 3.0751941267682947, "time": 1.7518301010131836}, "P-n65-k10": {"sol": 792, "best_sol": 872.1259103312173, "diff": 10.116907870103189, "time": 17.586789846420288}, "P-n50-k7": {"sol": 554, "best_sol": 604.3661156065626, "diff": 9.091356607682785, "time": 10.469595193862915}, "P-n76-k4": {"sol": 593, "best_sol": 671.5732040134308, "diff": 13.250118720645998, "time": 17.939867734909058}, "P-n19-k2": {"sol": 212, "best_sol": 224.98432075064142, "diff": 6.124679599359158, "time": 1.8547606468200684}, "P-n16-k8": {"sol": 450, "best_sol": 462.68870249339466, "diff": 2.8197116651988128, "time": 2.2460930347442627}, "P-n51-k10": {"sol": 741, "best_sol": 820.3910920916741, "diff": 10.714047515745488, "time": 9.602925777435303}, "P-n50-k10": {"sol": 696, "best_sol": 761.0797967159358, "diff": 9.35054550516319, "time": 9.733259439468384}, "P-n55-k8": {"sol": 588, "best_sol": 614.2222677879059, "diff": 4.459569351684682, "time": 12.614400386810303}, "P-n21-k2": {"sol": 211, "best_sol": 214.79631069534543, "diff": 1.7991993816802967, "time": 2.095945358276367}}